1월	NNG
2월	NNG
3월	NNG
4월	NNG
5월	NNG
6월	NNG
7월	NNG
8월	NNG
9월	NNG
10월	NNG
11월	NNG
12월	NNG
1일	NNG
2일	NNG
3일	NNG
4일	NNG
5일	NNG
6일	NNG
7일	NNG
8일	NNG
9일	NNG
10일	NNG
11일	NNG
12일	NNG
13일	NNG
14일	NNG
15일	NNG
16일	NNG
17일	NNG
18일	NNG
19일	NNG
20일	NNG
21일	NNG
22일	NNG
23일	NNG
24일	NNG
25일	NNG
26일	NNG
27일	NNG
28일	NNG
29일	NNG
30일	NNG
31일	NNG
대출	NNG
대출상품	NNG
대출상품조회	NNG
대출상품신청	NNG
대출관리	NNG
돈	NNG
급전	NNG
쩐	NNG
생활고	NNG
개인대출	NNG
직장인대출	NNG
카드대출	NNG
사업자대출	NNG
장기카드대출	NNG
단기카드대출	NNG
비상금대출	NNG
현금서비스	NNG
직장인 프로미론	NNG
신용대출	NNG
소액대출	NNG
일반신용대출	NNG
무직자소액대출	NNG
마이너스한도대출	NNG
가계신용대출	NNG
가계일반자금대출	NNG
마이너스통장대출	NNG
전세담보대출	NNG
전세안심대출	NNG
전세자금대출	NNG
개인신용대출	NNG
ONE신용대출	NNG
협약금리 外 신용대출상품	NNG
전월세반환보증금대출	NNG
담보대출	NNG
전세금반환보증	NNG
예부적금담보대출	NNG
장기카드대출	NNG
월세대출	NNG
자동차담보대출	NNG
주택담보대출	NNG
집단중도금대출	NNG
부동산담보대출	NNG
주식담보대출	NNG
보훈대상자대출	NNG
아파트중도금대출	NNG
대출금상환	NNG
상환방법	NNG
만기일시상환	NNG
원리금균등분할상환	NNG
원금균등분할상환	NNG
거치후분할상환	NNG
중도금상환	NNG
대출이자상환	NNG
이자월부금입금	NNG
대출계약철회	NNG
대출한도변경	NNG
대출한도해지	NNG
대출기한연장	NNG
대출이자납입일	NNG
대출통지서비스	NNG
대출적용금리	NNG
대출진행현황조회	NNG
계좌조회	NNG
자동이체	NNG
자동이체계좌변경	NNG
계좌	NNG
계좌이체	NNG
이체결과조회	NNG
월상환금	NNG
원리금	NNG
원리금균등	NNG
적금	NNG
적금금리	NNG
적금기간	NNG
월적립액	NNG
예금	NNG
예금상품	NNG
예금상품가입	NNG
예금상품해지	NNG
예금상품조회	NNG
예금금리	NNG
예치금액	NNG
예금기간	NNG
연이자율	NNG
단리	NNG
월복리	NNG
비과세	NNG
일반과세	NNG
세금우대	NNG
일반과세	NNG
중도상환수수료	NNG
잔존기간	NNG
면제기간	NNG
수수료율	NNG
대출금액	NNG
대출기간	NNG
연이자율	NNG